Round,Event,Choice,Time,Safe.Pay,Risk.Pay,Risk.Shown,Risk.Hidden,Risk.Side,RiskyOrSafeChoice,Profit,TotalProfit,Question,SelfSide,Trial.Type
0,Message,,2.07800006866,,,,,,,,,,,
0,AcknowledgeMessage,,8.30500006676,,,,,,,,,,,
0,NewRound Target: Self,,8.33500003815,,,,,,,,,,,
0,NewRound,,9.8789999485,,,,,,,,,,,
0,SubjectChoice,,11.0460000038,,,,,,,,,,,
0,Chose,L,12.1809999943,10,30,5,2,Right,Safe,10,10,Who is the Recipient?,Right,Self
0,ChoiceConfirmation,,12.2539999485,,,,,,,,,,,
0,Reveal,,12.9360001087,,,,,,,,,,,
0,SubjectChoice,,13.7369999886,,,,,,,,,,,
0,Question,R,17.6840000153,10,30,5,2,Right,Risk,0,10,Who is the Recipient?,Right,Self
0,ChoiceConfirmation,,17.7599999905,,,,,,,,,,,
1,NewRound,,18.4790000916,,,,,,,,,,,
1,SubjectChoice,,19.6540000439,,,,,,,,,,,
1,Chose,R,21.5880000591,10,30,5,8,Right,Risk,30,40,,,Self
1,ChoiceConfirmation,,21.6559998989,,,,,,,,,,,
1,Reveal,,22.3480000496,,,,,,,,,,,
2,NewRound,,23.1840000153,,,,,,,,,,,
2,SubjectChoice,,24.3789999485,,,,,,,,,,,
2,Chose,L,26.3029999733,10,30,0,1,Left,Risk,30,70,,,Self
2,ChoiceConfirmation,,26.378000021,,,,,,,,,,,
2,Reveal,,27.0680000782,,,,,,,,,,,
3,NewRound,,27.9040000439,,,,,,,,,,,
3,SubjectChoice,,29.0850000381,,,,,,,,,,,
3,Chose,R,30.013999939,10,30,10,6,Left,Safe,10,80,,,Self
3,ChoiceConfirmation,,30.0950000286,,,,,,,,,,,
3,Reveal,,30.7920000553,,,,,,,,,,,
4,NewRound Target: Social,,31.5920000076,,,,,,,,,,,
4,NewRound,,33.1559998989,,,,,,,,,,,
4,SubjectChoice,,34.3359999657,,,,,,,,,,,
4,Chose,R,35.4749999046,10,30,10,8,Left,Safe,10,90,,,Social
4,ChoiceConfirmation,,35.5450000763,,,,,,,,,,,
4,Reveal,,36.2400000095,,,,,,,,,,,
5,NewRound,,37.0740001202,,,,,,,,,,,
5,SubjectChoice,,38.2590000629,,,,,,,,,,,
5,Chose,L,40.118999958,10,30,0,1,Left,Risk,30,120,,,Social
5,ChoiceConfirmation,,40.1909999847,,,,,,,,,,,
5,Reveal,,40.878000021,,,,,,,,,,,
6,NewRound,,41.7220001221,,,,,,,,,,,
6,SubjectChoice,,42.9089999199,,,,,,,,,,,
6,Chose,T,46.9790000916,10,30,4,2,Right,None,0,120,,,Social
6,ChoiceConfirmation,,47.0569999218,,,,,,,,,,,
6,Reveal,,47.7520000935,,,,,,,,,,,
7,NewRound,,48.5940001011,,,,,,,,,,,
7,SubjectChoice,,49.7820000648,,,,,,,,,,,
7,Chose,T,53.8350000381,10,30,6,5,Right,None,0,120,Who are you gambling for?,Left,Social
7,ChoiceConfirmation,,53.9130001068,,,,,,,,,,,
7,Reveal,,54.5999999046,,,,,,,,,,,
7,SubjectChoice,,55.4030001163,,,,,,,,,,,
7,Question,T,59.4660000801,10,30,6,5,Right,None,0,120,Who are you gambling for?,Left,Social
7,ChoiceConfirmation,,59.5599999428,,,,,,,,,,,
7,Choice uncaught,,59.6870000362,,,,,,,,,,,
8,Repeat,,60.2709999084,,,,,,,,,,,
