Round,Event,Choice,Time,Safe.Pay,Risk.Pay,Risk.Shown,Risk.Hidden,Risk.Side,RiskyOrSafeChoice,Profit,TotalProfit,Question,SelfSide,Trial.Type
0,Message,,1.99899983406,,,,,,,,,,,
0,AcknowledgeMessage,,4.89499998093,,,,,,,,,,,
0,NewRound Target: Self,,4.92899990082,,,,,,,,,,,
0,NewRound,,6.47199988365,,,,,,,,,,,
0,SubjectChoice,,7.63499999046,,,,,,,,,,,
0,Chose,L,8.65899991989,10,30,5,2,Right,Safe,10,10,Who is the Recipient?,Right,Self
0,ChoiceConfirmation,,8.72099995613,,,,,,,,,,,
0,Reveal,,9.52399992943,,,,,,,,,,,
0,SubjectChoice,,10.6849999428,,,,,,,,,,,
0,Question,T,14.7489998341,10,30,5,2,Right,None,0,10,Who is the Recipient?,Right,Self
0,ChoiceConfirmation,,14.8209998608,,,,,,,,,,,
1,NewRound,,15.6529998779,,,,,,,,,,,
1,SubjectChoice,,16.8099999428,,,,,,,,,,,
1,Chose,T,20.8639998436,10,30,5,8,Right,None,0,10,,,Self
1,ChoiceConfirmation,,20.9309999943,,,,,,,,,,,
1,Reveal,,21.7329998016,,,,,,,,,,,
2,NewRound,,22.8229999542,,,,,,,,,,,
2,SubjectChoice,,23.9779999256,,,,,,,,,,,
2,Chose,T,28.0299999714,10,30,0,1,Left,None,0,10,,,Self
2,ChoiceConfirmation,,28.0999999046,,,,,,,,,,,
2,Reveal,,28.8999998569,,,,,,,,,,,
3,NewRound,,29.9900000095,,,,,,,,,,,
3,SubjectChoice,,31.1549999714,,,,,,,,,,,
3,Chose,T,35.2109999657,10,30,10,6,Left,None,0,10,,,Self
3,ChoiceConfirmation,,35.2860000134,,,,,,,,,,,
3,Reveal,,36.0959999561,,,,,,,,,,,
4,NewRound Target: Social,,37.1649999619,,,,,,,,,,,
4,NewRound,,38.7199997902,,,,,,,,,,,
4,SubjectChoice,,39.8809998035,,,,,,,,,,,
4,Chose,T,43.9329998493,10,30,10,8,Left,None,0,10,,,Social
4,ChoiceConfirmation,,44.0089998245,,,,,,,,,,,
4,Reveal,,44.8109998703,,,,,,,,,,,
5,NewRound,,45.8989999294,,,,,,,,,,,
5,SubjectChoice,,47.0759999752,,,,,,,,,,,
5,Chose,T,51.129999876,10,30,0,1,Left,None,0,10,,,Social
5,ChoiceConfirmation,,51.2019999027,,,,,,,,,,,
5,Reveal,,52.003000021,,,,,,,,,,,
6,NewRound,,53.0920000076,,,,,,,,,,,
6,SubjectChoice,,54.251999855,,,,,,,,,,,
6,Chose,T,58.3049998283,10,30,4,2,Right,None,0,10,,,Social
6,ChoiceConfirmation,,58.3809998035,,,,,,,,,,,
6,Reveal,,59.1799998283,,,,,,,,,,,
7,NewRound,,60.2709999084,,,,,,,,,,,
7,SubjectChoice,,61.4609999657,,,,,,,,,,,
7,Chose,T,65.5230000019,10,30,6,5,Right,None,0,10,Who are you gambling for?,Left,Social
7,ChoiceConfirmation,,65.6019999981,,,,,,,,,,,
7,Reveal,,66.4069998264,,,,,,,,,,,
7,SubjectChoice,,67.5529999733,,,,,,,,,,,
7,Question,T,71.6119999886,10,30,6,5,Right,None,0,10,Who are you gambling for?,Left,Social
7,ChoiceConfirmation,,71.6979999542,,,,,,,,,,,
8,Repeat,,72.4989998341,,,,,,,,,,,
