Safe.Bet.Amount,Risky.Bet.Amount,Risky.bet.shown.number,Risky.bet.hidden.number,Risky.Side,Trial.Type,Question,Self.Side
10,30,1,5,Left,Self,,
10,30,4,5,Left,Self,,
10,30,7,8,Right,Self,,
10,30,1,4,Left,Self,,
10,30,6,1,Left,Self,,
10,30,1,7,Right,Self,,
10,30,2,5,Right,Self,,
10,30,7,2,Left,Self,,
10,30,9,6,Right,Self,,
10,30,3,8,Left,Self,Who is the Recipient?,Right
10,30,6,9,Left,Social,,
10,30,2,1,Left,Social,,
10,30,7,4,Left,Social,,
10,30,4,5,Right,Social,,
10,30,4,3,Left,Social,,
10,30,8,3,Left,Social,,
10,30,4,1,Left,Social,,
10,30,8,7,Right,Social,,
10,30,6,2,Right,Social,,
10,30,2,9,Right,Social,Who are you gambling for?,Left
10,30,2,8,Left,Self,,
10,30,0,2,Left,Self,,
10,30,10,5,Right,Self,,
10,30,2,4,Left,Self,,
10,30,5,3,Right,Self,,
10,30,8,9,Right,Self,,
10,30,8,2,Left,Self,,
10,30,7,9,Right,Self,,
10,30,10,2,Right,Self,,
10,30,1,0,Right,Self,Who is the Recipient?,Right
10,30,6,1,Right,Social,,
10,30,5,6,Right,Social,,
10,30,9,7,Left,Social,,
10,30,9,7,Right,Social,,
10,30,5,2,Left,Social,,
10,30,2,7,Right,Social,,
10,30,7,0,Left,Social,,
10,30,4,9,Right,Social,,
10,30,4,5,Right,Social,,
10,30,3,4,Right,Social,Who is the Recipient?,Right
10,30,5,0,Left,Self,,
10,30,3,7,Left,Self,,
10,30,6,3,Right,Self,,
10,30,7,4,Left,Self,,
10,30,6,8,Right,Self,,
10,30,5,8,Left,Self,,
10,30,0,1,Left,Self,,
10,30,8,2,Right,Self,,
10,30,7,4,Left,Self,,
10,30,6,3,Left,Self,Who is the Recipient?,Right
10,30,4,8,Left,Social,,
10,30,8,7,Left,Social,,
10,30,1,9,Right,Social,,
10,30,1,2,Right,Social,,
10,30,3,8,Right,Social,,
10,30,8,1,Left,Social,,
10,30,2,5,Left,Social,,
10,30,8,0,Left,Social,,
10,30,5,6,Left,Social,,
10,30,4,10,Left,Social,Who are you gambling for?,Left
10,30,5,1,Right,Self,,
10,30,2,0,Left,Self,,
10,30,6,5,Right,Self,,
10,30,8,3,Right,Self,,
10,30,2,4,Right,Self,,
10,30,10,3,Right,Self,,
10,30,4,6,Left,Self,,
10,30,5,7,Right,Self,,
10,30,4,8,Left,Self,,
10,30,3,6,Right,Self,Who are you gambling for?,Left
10,30,1,0,Left,Social,,
10,30,6,5,Left,Social,,
10,30,10,7,Left,Social,,
10,30,9,10,Right,Social,,
10,30,6,9,Left,Social,,
10,30,9,1,Left,Social,,
10,30,8,5,Right,Social,,
10,30,5,1,Right,Social,,
10,30,3,9,Right,Social,,
10,30,10,7,Left,Social,Who are you gambling for?,Left
10,30,6,8,Left,Self,,
10,30,2,7,Left,Self,,
10,30,4,3,Right,Self,,
10,30,1,5,Right,Self,,
10,30,1,6,Left,Self,,
10,30,3,1,Right,Self,,
10,30,3,9,Right,Self,,
10,30,5,9,Right,Self,,
10,30,6,9,Left,Self,,
10,30,5,1,Left,Self,Who are you gambling for?,Left
10,30,5,4,Left,Social,,
10,30,5,8,Left,Social,,
10,30,0,10,Right,Social,,
10,30,3,1,Left,Social,,
10,30,3,1,Left,Social,,
10,30,3,2,Left,Social,,
10,30,4,5,Right,Social,,
10,30,4,3,Left,Social,,
10,30,6,9,Right,Social,,
10,30,7,1,Right,Social,Who are you gambling for?,Left
10,30,10,5,Left,Self,,
10,30,6,10,Left,Self,,
10,30,6,2,Left,Self,,
10,30,4,2,Right,Self,,
10,30,0,5,Right,Self,,
10,30,4,7,Right,Self,,
10,30,8,3,Right,Self,,
10,30,2,6,Left,Self,,
10,30,7,9,Right,Self,,
10,30,2,8,Left,Self,Who are you gambling for?,Left
10,30,3,4,Right,Social,,
10,30,5,3,Right,Social,,
10,30,5,2,Left,Social,,
10,30,1,6,Left,Social,,
10,30,1,6,Left,Social,,
10,30,6,4,Right,Social,,
10,30,3,5,Right,Social,,
10,30,0,8,Left,Social,,
10,30,4,5,Left,Social,,
10,30,9,4,Right,Social,Who is the Recipient?,Right
10,30,6,0,Left,Self,,
10,30,9,5,Right,Self,,
10,30,4,6,Left,Self,,
10,30,0,8,Left,Self,,
10,30,8,1,Right,Self,,
10,30,5,1,Left,Self,,
10,30,10,7,Left,Self,,
10,30,6,10,Right,Self,,
10,30,7,1,Left,Self,,
10,30,3,5,Left,Self,Who is the Recipient?,Right
10,30,7,3,Left,Social,,
10,30,2,3,Left,Social,,
10,30,4,6,Right,Social,,
10,30,8,9,Right,Social,,
10,30,7,4,Left,Social,,
10,30,1,10,Left,Social,,
10,30,7,6,Right,Social,,
10,30,0,6,Left,Social,,
10,30,8,6,Left,Social,,
10,30,1,8,Left,Social,Who are you gambling for?,Left
10,30,7,8,Right,Self,,
10,30,4,7,Left,Self,,
10,30,9,4,Left,Self,,
10,30,7,1,Left,Self,,
10,30,6,7,Left,Self,,
10,30,5,9,Left,Self,,
10,30,8,2,Left,Self,,
10,30,0,4,Left,Self,,
10,30,1,8,Left,Self,,
10,30,1,3,Right,Self,Who is the Recipient?,Right
10,30,10,1,Left,Social,,
10,30,2,8,Right,Social,,
10,30,1,6,Left,Social,,
10,30,7,10,Left,Social,,
10,30,8,10,Right,Social,,
10,30,4,7,Right,Social,,
10,30,6,5,Left,Social,,
10,30,1,9,Right,Social,,
10,30,7,2,Left,Social,,
10,30,6,9,Right,Social,Who is the Recipient?,Right
10,30,4,7,Right,Self,,
10,30,4,0,Right,Self,,
10,30,9,10,Right,Self,,
10,30,8,0,Left,Self,,
10,30,2,7,Left,Self,,
10,30,8,2,Right,Self,,
10,30,8,5,Left,Self,,
10,30,5,3,Left,Self,,
10,30,7,0,Left,Self,,
10,30,2,7,Left,Self,Who are you gambling for?,Left
10,30,7,3,Left,Social,,
10,30,8,10,Left,Social,,
10,30,5,8,Left,Social,,
10,30,5,7,Left,Social,,
10,30,0,7,Right,Social,,
10,30,3,9,Left,Social,,
10,30,4,7,Right,Social,,
10,30,9,0,Right,Social,,
10,30,5,8,Left,Social,,
10,30,1,7,Right,Social,Who is the Recipient?,Right
10,30,9,6,Right,Self,,
10,30,6,8,Left,Self,,
10,30,2,9,Right,Self,,
10,30,2,6,Right,Self,,
10,30,1,3,Right,Self,,
10,30,3,2,Right,Self,,
10,30,0,7,Left,Self,,
10,30,1,9,Left,Self,,
10,30,5,10,Left,Self,,
10,30,10,8,Left,Self,Who are you gambling for?,Left
10,30,8,3,Right,Social,,
10,30,5,0,Left,Social,,
10,30,1,5,Left,Social,,
10,30,6,3,Left,Social,,
10,30,1,8,Right,Social,,
10,30,6,9,Left,Social,,
10,30,4,5,Left,Social,,
10,30,5,7,Left,Social,,
10,30,0,7,Right,Social,,
10,30,10,9,Right,Social,Who is the Recipient?,Right
